{"cameraMode":{"drawMode":0,"name":"Shaded","section":"Shading Mode"},"sceneLighting":true,"audioPlay":false,"sceneViewState":{"showFog":true,"showMaterialUpdate":false,"showSkybox":true,"showFlares":true,"showImageEffects":true,"showParticleSystems":true},"in2DMode":false,"pivot":{"x":-11.205585479736329,"y":12.505060195922852,"z":-14.90855598449707},"rotation":{"x":0.0877641886472702,"y":0.11775943636894226,"z":-0.01044874731451273,"w":0.9890967011451721},"size":14.290026664733887,"orthographic":true}